home_team,home_pos,away_team,away_pos,home_elo,away_elo,elo_diff,p_home,p_draw,p_away
Atlanta United,15,Charlotte FC,5,1383.219,1513.532,-130.313,0.336,0.25,0.414
Atlanta United,15,Chicago Fire,4,1383.219,1505.954,-122.735,0.323,0.251,0.427
Atlanta United,15,FC Cincinnati,7,1383.219,1555.362,-172.143,0.282,0.228,0.49
Atlanta United,15,Inter Miami CF,2,1383.219,1707.561,-324.342,0.189,0.274,0.536
Atlanta United,15,New York City FC,5,1383.219,1566.462,-183.243,0.31,0.262,0.427
Atlanta United,15,New York Red Bulls,7,1383.219,1471.216,-87.997,0.369,0.246,0.385
Atlanta United,15,Orlando City SC,10,1383.219,1521.057,-137.838,0.348,0.278,0.374
Atlanta United,15,Toronto FC,11,1383.219,1357.339,25.88,0.473,0.213,0.314
CF Montréal,13,Atlanta United,15,1388.008,1383.219,4.789,0.482,0.235,0.283
CF Montréal,13,Charlotte FC,5,1388.008,1513.532,-125.524,0.34,0.245,0.415
CF Montréal,13,Columbus Crew,11,1388.008,1564.766,-176.758,0.339,0.279,0.382
CF Montréal,13,DC United,7,1388.008,1348.199,39.809,0.457,0.199,0.344
CF Montréal,13,FC Cincinnati,7,1388.008,1555.362,-167.354,0.286,0.224,0.49
CF Montréal,13,Nashville SC,1,1388.008,1597.977,-209.969,0.269,0.281,0.451
Charlotte FC,5,CF Montréal,13,1513.532,1388.008,125.524,0.602,0.236,0.163
Charlotte FC,5,Chicago Fire,4,1513.532,1505.954,7.578,0.459,0.267,0.273
Charlotte FC,5,Columbus Crew,11,1513.532,1564.766,-51.234,0.465,0.296,0.238
Charlotte FC,5,DC United,7,1513.532,1348.199,165.333,0.595,0.201,0.205
Charlotte FC,5,Orlando City SC,10,1513.532,1521.057,-7.525,0.48,0.287,0.232
Chicago Fire,4,Columbus Crew,11,1505.954,1564.766,-58.812,0.479,0.291,0.23
Chicago Fire,4,Inter Miami CF,2,1505.954,1707.561,-201.607,0.309,0.321,0.37
Chicago Fire,4,New England Revolution,3,1505.954,1468.603,37.351,0.512,0.267,0.22
Chicago Fire,4,New York City FC,5,1505.954,1566.462,-60.508,0.457,0.277,0.266
Chicago Fire,4,Orlando City SC,10,1505.954,1521.057,-15.103,0.494,0.282,0.224
Chicago Fire,4,Philadelphia Union,14,1505.954,1548.589,-42.635,0.508,0.258,0.234
Columbus Crew,11,CF Montréal,13,1564.766,1388.008,176.758,0.608,0.218,0.174
Columbus Crew,11,Charlotte FC,5,1564.766,1513.532,51.234,0.476,0.244,0.281
Columbus Crew,11,DC United,7,1564.766,1348.199,216.567,0.598,0.185,0.218
Columbus Crew,11,Inter Miami CF,2,1564.766,1707.561,-142.795,0.299,0.297,0.404
Columbus Crew,11,New England Revolution,3,1564.766,1468.603,96.164,0.504,0.252,0.244
Columbus Crew,11,New York Red Bulls,7,1564.766,1471.216,93.551,0.511,0.234,0.254
Columbus Crew,11,Toronto FC,11,1564.766,1357.339,207.428,0.615,0.19,0.195
DC United,7,Atlanta United,15,1348.199,1383.219,-35.02,0.495,0.271,0.234
DC United,7,Charlotte FC,5,1348.199,1513.532,-165.333,0.358,0.29,0.351
DC United,7,Columbus Crew,11,1348.199,1564.766,-216.567,0.354,0.327,0.319
DC United,7,FC Cincinnati,7,1348.199,1555.362,-207.163,0.307,0.27,0.423
DC United,7,New England Revolution,3,1348.199,1468.603,-120.403,0.385,0.305,0.31
DC United,7,New York City FC,5,1348.199,1566.462,-218.263,0.332,0.305,0.363
DC United,7,New York Red Bulls,7,1348.199,1471.216,-123.016,0.392,0.284,0.324
FC Cincinnati,7,Charlotte FC,5,1555.362,1513.532,41.83,0.521,0.277,0.202
FC Cincinnati,7,Columbus Crew,11,1555.362,1564.766,-9.404,0.509,0.309,0.182
FC Cincinnati,7,DC United,7,1555.362,1348.199,207.163,0.64,0.206,0.154
FC Cincinnati,7,Nashville SC,1,1555.362,1597.977,-42.615,0.434,0.335,0.231
FC Cincinnati,7,New England Revolution,3,1555.362,1468.603,86.759,0.544,0.283,0.173
FC Cincinnati,7,New York City FC,5,1555.362,1566.462,-11.101,0.491,0.297,0.212
FC Cincinnati,7,Philadelphia Union,14,1555.362,1548.589,6.773,0.541,0.274,0.185
Inter Miami CF,2,Atlanta United,15,1707.561,1383.219,324.342,0.75,0.17,0.08
Inter Miami CF,2,CF Montréal,13,1707.561,1388.008,319.553,0.745,0.175,0.08
Inter Miami CF,2,Charlotte FC,5,1707.561,1513.532,194.029,0.643,0.216,0.142
Inter Miami CF,2,DC United,7,1707.561,1348.199,359.362,0.747,0.152,0.102
Inter Miami CF,2,FC Cincinnati,7,1707.561,1555.362,152.199,0.597,0.218,0.185
Inter Miami CF,2,Nashville SC,1,1707.561,1597.977,109.584,0.559,0.272,0.169
Inter Miami CF,2,New York City FC,5,1707.561,1566.462,141.099,0.615,0.234,0.151
Inter Miami CF,2,Toronto FC,11,1707.561,1357.339,350.223,0.757,0.153,0.089
Nashville SC,1,Chicago Fire,4,1597.977,1505.954,92.023,0.542,0.233,0.225
Nashville SC,1,Columbus Crew,11,1597.977,1564.766,33.211,0.547,0.257,0.196
Nashville SC,1,FC Cincinnati,7,1597.977,1555.362,42.615,0.501,0.225,0.274
Nashville SC,1,Inter Miami CF,2,1597.977,1707.561,-109.584,0.371,0.298,0.331
Nashville SC,1,New York Red Bulls,7,1597.977,1471.216,126.761,0.589,0.218,0.193
Nashville SC,1,Philadelphia Union,14,1597.977,1548.589,49.388,0.576,0.226,0.197
Nashville SC,1,Toronto FC,11,1597.977,1357.339,240.638,0.686,0.171,0.143
New England Revolution,3,Chicago Fire,4,1468.603,1505.954,-37.351,0.432,0.248,0.32
New England Revolution,3,Inter Miami CF,2,1468.603,1707.561,-238.959,0.273,0.293,0.434
New England Revolution,3,New York City FC,5,1468.603,1566.462,-97.86,0.417,0.261,0.322
New England Revolution,3,New York Red Bulls,7,1468.603,1471.216,-2.613,0.481,0.237,0.281
New England Revolution,3,Orlando City SC,10,1468.603,1521.057,-52.454,0.456,0.269,0.275
New York City FC,5,Atlanta United,15,1566.462,1383.219,183.243,0.632,0.22,0.148
New York City FC,5,CF Montréal,13,1566.462,1388.008,178.454,0.626,0.226,0.148
New York City FC,5,Nashville SC,1,1566.462,1597.977,-31.515,0.414,0.309,0.277
New York City FC,5,New England Revolution,3,1566.462,1468.603,97.86,0.526,0.264,0.21
New York City FC,5,New York Red Bulls,7,1566.462,1471.216,95.247,0.535,0.246,0.219
New York City FC,5,Philadelphia Union,14,1566.462,1548.589,17.873,0.522,0.255,0.223
New York Red Bulls,7,Atlanta United,15,1471.216,1383.219,87.997,0.577,0.235,0.188
New York Red Bulls,7,Chicago Fire,4,1471.216,1505.954,-34.738,0.425,0.267,0.307
New York Red Bulls,7,Inter Miami CF,2,1471.216,1707.561,-236.346,0.269,0.315,0.416
New York Red Bulls,7,Nashville SC,1,1471.216,1597.977,-126.761,0.357,0.312,0.331
New York Red Bulls,7,Philadelphia Union,14,1471.216,1548.589,-77.374,0.461,0.265,0.274
New York Red Bulls,7,Toronto FC,11,1471.216,1357.339,113.877,0.579,0.211,0.21
Orlando City SC,10,Chicago Fire,4,1521.057,1505.954,15.103,0.448,0.245,0.306
Orlando City SC,10,Columbus Crew,11,1521.057,1564.766,-43.709,0.457,0.274,0.269
Orlando City SC,10,DC United,7,1521.057,1348.199,172.858,0.584,0.185,0.231
Orlando City SC,10,FC Cincinnati,7,1521.057,1555.362,-34.305,0.405,0.231,0.364
Orlando City SC,10,New England Revolution,3,1521.057,1468.603,52.454,0.49,0.252,0.257
Orlando City SC,10,New York City FC,5,1521.057,1566.462,-45.406,0.433,0.258,0.308
Orlando City SC,10,Toronto FC,11,1521.057,1357.339,163.718,0.602,0.191,0.207
Philadelphia Union,14,CF Montréal,13,1548.589,1388.008,160.581,0.58,0.246,0.175
Philadelphia Union,14,Charlotte FC,5,1548.589,1513.532,35.057,0.449,0.272,0.279
Philadelphia Union,14,FC Cincinnati,7,1548.589,1555.362,-6.773,0.395,0.26,0.345
Philadelphia Union,14,Inter Miami CF,2,1548.589,1707.561,-158.972,0.278,0.327,0.396
Philadelphia Union,14,New England Revolution,3,1548.589,1468.603,79.987,0.476,0.281,0.243
Philadelphia Union,14,Orlando City SC,10,1548.589,1521.057,27.532,0.457,0.296,0.247
Philadelphia Union,14,Toronto FC,11,1548.589,1357.339,191.251,0.589,0.215,0.196
Toronto FC,11,CF Montréal,13,1357.339,1388.008,-30.669,0.472,0.27,0.258
Toronto FC,11,Charlotte FC,5,1357.339,1513.532,-156.194,0.34,0.278,0.382
Toronto FC,11,Chicago Fire,4,1357.339,1505.954,-148.615,0.328,0.279,0.393
Toronto FC,11,DC United,7,1357.339,1348.199,9.139,0.457,0.226,0.317
Toronto FC,11,Nashville SC,1,1357.339,1597.977,-240.638,0.268,0.318,0.414
Toronto FC,11,New England Revolution,3,1357.339,1468.603,-111.264,0.367,0.294,0.339
Toronto FC,11,New York City FC,5,1357.339,1566.462,-209.124,0.315,0.292,0.394
Toronto FC,11,Orlando City SC,10,1357.339,1521.057,-163.718,0.351,0.307,0.342
Austin FC,14,Colorado Rapids,12,1407.761,1440.204,-32.442,0.429,0.254,0.317
Austin FC,14,FC Dallas,4,1407.761,1515.413,-107.652,0.339,0.241,0.419
Austin FC,14,Portland Timbers,10,1407.761,1482.004,-74.243,0.39,0.261,0.349
Austin FC,14,Real Salt Lake,4,1407.761,1495.986,-88.225,0.351,0.251,0.398
Austin FC,14,San Diego FC,10,1407.761,1545.741,-137.98,0.339,0.247,0.414
Austin FC,14,San Jose Earthquakes,1,1407.761,1478.021,-70.26,0.328,0.227,0.445
Austin FC,14,Vancouver Whitecaps,1,1407.761,1640.374,-232.613,0.252,0.249,0.499
Colorado Rapids,12,Los Angeles FC,1,1440.204,1647.119,-206.915,0.274,0.256,0.469
Colorado Rapids,12,Minnesota United,9,1440.204,1536.414,-96.21,0.415,0.27,0.315
Colorado Rapids,12,Real Salt Lake,4,1440.204,1495.986,-55.783,0.396,0.252,0.352
Colorado Rapids,12,San Jose Earthquakes,1,1440.204,1478.021,-37.817,0.373,0.23,0.397
Colorado Rapids,12,Seattle Sounders FC,8,1440.204,1556.7,-116.496,0.395,0.272,0.333
Colorado Rapids,12,Sporting Kansas City,15,1440.204,1339.443,100.761,0.56,0.234,0.207
Colorado Rapids,12,Vancouver Whitecaps,1,1440.204,1640.374,-200.17,0.291,0.257,0.452
FC Dallas,4,Austin FC,14,1515.413,1407.761,107.652,0.599,0.242,0.158
FC Dallas,4,Colorado Rapids,12,1515.413,1440.204,75.209,0.556,0.259,0.185
FC Dallas,4,Los Angeles FC,1,1515.413,1647.119,-131.706,0.356,0.294,0.35
FC Dallas,4,Portland Timbers,10,1515.413,1482.004,33.409,0.518,0.273,0.209
FC Dallas,4,San Jose Earthquakes,1,1515.413,1478.021,37.392,0.463,0.253,0.284
FC Dallas,4,Seattle Sounders FC,8,1515.413,1556.7,-41.287,0.478,0.291,0.231
FC Dallas,4,Sporting Kansas City,15,1515.413,1339.443,175.97,0.632,0.233,0.134
Houston Dynamo,4,FC Dallas,4,1498.887,1515.413,-16.526,0.424,0.244,0.332
Houston Dynamo,4,LA Galaxy,10,1498.887,1456.882,42.005,0.51,0.243,0.247
Houston Dynamo,4,Minnesota United,9,1498.887,1536.414,-37.527,0.454,0.268,0.278
Houston Dynamo,4,Real Salt Lake,4,1498.887,1495.986,2.9,0.436,0.252,0.313
Houston Dynamo,4,San Jose Earthquakes,1,1498.887,1478.021,20.866,0.413,0.231,0.355
Houston Dynamo,4,Sporting Kansas City,15,1498.887,1339.443,159.444,0.596,0.226,0.178
Houston Dynamo,4,St.Louis City,7,1498.887,1461.205,37.682,0.481,0.265,0.254
LA Galaxy,10,Austin FC,14,1456.882,1407.761,49.12,0.525,0.245,0.231
LA Galaxy,10,Colorado Rapids,12,1456.882,1440.204,16.678,0.479,0.257,0.264
LA Galaxy,10,Portland Timbers,10,1456.882,1482.004,-25.123,0.439,0.267,0.294
LA Galaxy,10,San Diego FC,10,1456.882,1545.741,-88.86,0.388,0.257,0.355
LA Galaxy,10,San Jose Earthquakes,1,1456.882,1478.021,-21.139,0.378,0.238,0.384
LA Galaxy,10,Seattle Sounders FC,8,1456.882,1556.7,-99.818,0.399,0.28,0.321
Los Angeles FC,1,Austin FC,14,1647.119,1407.761,239.357,0.692,0.211,0.097
Los Angeles FC,1,LA Galaxy,10,1647.119,1456.882,190.237,0.653,0.228,0.119
Los Angeles FC,1,Minnesota United,9,1647.119,1536.414,110.705,0.601,0.26,0.139
Los Angeles FC,1,Portland Timbers,10,1647.119,1482.004,165.114,0.621,0.247,0.132
Los Angeles FC,1,San Diego FC,10,1647.119,1545.741,101.377,0.58,0.251,0.169
Los Angeles FC,1,Vancouver Whitecaps,1,1647.119,1640.374,6.745,0.485,0.286,0.229
Minnesota United,9,FC Dallas,4,1536.414,1515.413,21.001,0.443,0.246,0.311
Minnesota United,9,Houston Dynamo,4,1536.414,1498.887,37.527,0.49,0.262,0.248
Minnesota United,9,LA Galaxy,10,1536.414,1456.882,79.532,0.527,0.243,0.23
Minnesota United,9,San Jose Earthquakes,1,1536.414,1478.021,58.393,0.432,0.234,0.334
Minnesota United,9,Sporting Kansas City,15,1536.414,1339.443,196.971,0.612,0.224,0.164
Minnesota United,9,St.Louis City,7,1536.414,1461.205,75.209,0.498,0.266,0.236
Portland Timbers,10,Austin FC,14,1482.004,1407.761,74.243,0.559,0.233,0.208
Portland Timbers,10,Colorado Rapids,12,1482.004,1440.204,41.801,0.514,0.247,0.239
Portland Timbers,10,Houston Dynamo,4,1482.004,1498.887,-16.882,0.473,0.263,0.265
Portland Timbers,10,Minnesota United,9,1482.004,1536.414,-54.409,0.454,0.269,0.277
Portland Timbers,10,San Diego FC,10,1482.004,1545.741,-63.737,0.422,0.251,0.326
Portland Timbers,10,St.Louis City,7,1482.004,1461.205,20.799,0.48,0.266,0.253
Real Salt Lake,4,FC Dallas,4,1495.986,1515.413,-19.427,0.463,0.254,0.283
Real Salt Lake,4,LA Galaxy,10,1495.986,1456.882,39.105,0.545,0.248,0.207
Real Salt Lake,4,Los Angeles FC,1,1495.986,1647.119,-151.132,0.346,0.28,0.374
Real Salt Lake,4,Minnesota United,9,1495.986,1536.414,-40.427,0.49,0.275,0.235
Real Salt Lake,4,San Jose Earthquakes,1,1495.986,1478.021,17.965,0.453,0.242,0.305
Real Salt Lake,4,St.Louis City,7,1495.986,1461.205,34.781,0.515,0.272,0.213
Real Salt Lake,4,Vancouver Whitecaps,1,1495.986,1640.374,-144.388,0.364,0.279,0.357
San Diego FC,10,Colorado Rapids,12,1545.741,1440.204,105.537,0.557,0.259,0.184
San Diego FC,10,Houston Dynamo,4,1545.741,1498.887,46.854,0.517,0.277,0.206
San Diego FC,10,LA Galaxy,10,1545.741,1456.882,88.86,0.554,0.256,0.19
San Diego FC,10,San Jose Earthquakes,1,1545.741,1478.021,67.72,0.464,0.253,0.283
San Diego FC,10,Seattle Sounders FC,8,1545.741,1556.7,-10.959,0.479,0.29,0.231
San Diego FC,10,Sporting Kansas City,15,1545.741,1339.443,206.298,0.633,0.233,0.134
San Jose Earthquakes,1,Colorado Rapids,12,1478.021,1440.204,37.817,0.565,0.262,0.174
San Jose Earthquakes,1,Houston Dynamo,4,1478.021,1498.887,-20.866,0.525,0.281,0.194
San Jose Earthquakes,1,Los Angeles FC,1,1478.021,1647.119,-169.098,0.366,0.301,0.333
San Jose Earthquakes,1,Minnesota United,9,1478.021,1536.414,-58.393,0.506,0.289,0.204
San Jose Earthquakes,1,Portland Timbers,10,1478.021,1482.004,-3.983,0.526,0.277,0.197
San Jose Earthquakes,1,Real Salt Lake,4,1478.021,1495.986,-17.965,0.492,0.276,0.233
San Jose Earthquakes,1,St.Louis City,7,1478.021,1461.205,16.816,0.531,0.284,0.185
Seattle Sounders FC,8,Austin FC,14,1556.7,1407.761,148.938,0.594,0.229,0.177
Seattle Sounders FC,8,Houston Dynamo,4,1556.7,1498.887,57.813,0.51,0.261,0.229
Seattle Sounders FC,8,Los Angeles FC,1,1556.7,1647.119,-90.419,0.346,0.272,0.383
Seattle Sounders FC,8,Minnesota United,9,1556.7,1536.414,20.286,0.491,0.268,0.241
Seattle Sounders FC,8,Real Salt Lake,4,1556.7,1495.986,60.713,0.474,0.254,0.273
Seattle Sounders FC,8,Sporting Kansas City,15,1556.7,1339.443,217.257,0.629,0.221,0.15
Seattle Sounders FC,8,Vancouver Whitecaps,1,1556.7,1640.374,-83.674,0.364,0.27,0.366
Sporting Kansas City,15,Austin FC,14,1339.443,1407.761,-68.318,0.437,0.233,0.331
Sporting Kansas City,15,FC Dallas,4,1339.443,1515.413,-175.97,0.3,0.222,0.478
Sporting Kansas City,15,Los Angeles FC,1,1339.443,1647.119,-307.676,0.204,0.222,0.574
Sporting Kansas City,15,Portland Timbers,10,1339.443,1482.004,-142.561,0.351,0.244,0.405
Sporting Kansas City,15,Real Salt Lake,4,1339.443,1495.986,-156.543,0.312,0.231,0.457
Sporting Kansas City,15,St.Louis City,7,1339.443,1461.205,-121.762,0.359,0.254,0.386
Sporting Kansas City,15,Vancouver Whitecaps,1,1339.443,1640.374,-300.931,0.218,0.224,0.557
St.Louis City,7,FC Dallas,4,1461.205,1515.413,-54.208,0.416,0.232,0.352
St.Louis City,7,Houston Dynamo,4,1461.205,1498.887,-37.682,0.466,0.25,0.283
St.Louis City,7,LA Galaxy,10,1461.205,1456.882,4.323,0.503,0.233,0.264
St.Louis City,7,Minnesota United,9,1461.205,1536.414,-75.209,0.447,0.256,0.297
St.Louis City,7,Portland Timbers,10,1461.205,1482.004,-20.799,0.467,0.246,0.287
St.Louis City,7,San Diego FC,10,1461.205,1545.741,-84.536,0.415,0.238,0.347
St.Louis City,7,Vancouver Whitecaps,1,1461.205,1640.374,-179.169,0.319,0.248,0.433
Vancouver Whitecaps,1,Austin FC,14,1640.374,1407.761,232.613,0.678,0.217,0.105
Vancouver Whitecaps,1,FC Dallas,4,1640.374,1515.413,124.961,0.565,0.251,0.184
Vancouver Whitecaps,1,Houston Dynamo,4,1640.374,1498.887,141.487,0.602,0.257,0.141
Vancouver Whitecaps,1,LA Galaxy,10,1640.374,1456.882,183.492,0.637,0.234,0.129
Vancouver Whitecaps,1,San Diego FC,10,1640.374,1545.741,94.633,0.562,0.257,0.181
Vancouver Whitecaps,1,Seattle Sounders FC,8,1640.374,1556.7,83.674,0.566,0.273,0.16
Vancouver Whitecaps,1,St.Louis City,7,1640.374,1461.205,179.169,0.607,0.259,0.134
